,id,username,context,time,source,href,judge
2,2158695587,一个人de日子啊,#分享河南暴雨中可爱的平凡人#要克服对死亡的恐惧，你必须要接受世上所有的人，都会死去的观念。,07月24日 22:59,搜狗高速浏览器,https://weibo.com/2158695587?refer_flag=1001030103_,假
3,2451949553,驻马店消防,豫见火焰蓝#新乡# 7月24日下午18时30分，@新乡消防 红旗消防大队在印染厂家属院群众进行疏散转移时遇到2名九十多岁老人不愿离开，大队长闫志刚对两名老人进行耐心劝说，劝说效果显著，在转移时承诺老人#一滴水都不会让你沾# 。#分享河南暴雨中可爱的平凡人##与你携手 共渡危难#@中国消防 L河南消防的微博视频 ,07月24日 22:57,豫见火焰蓝超话,https://weibo.com/2451949553?refer_flag=1001030103_,假
4,7270276711,海南临高消防,#上海虹桥机场出港航班大面积取消# 【台风安全指南】我国台风主要发生在夏秋季节，常伴随大风暴雨雷电。风力较强时，有可能引发人员受伤、房屋倒塌等危险，面对台风天气，我们要做好应对准备。#科普消防说##全民素养提升V计划# @上海消防,07月24日 22:59,iPhone客户端,https://weibo.com/7270276711?refer_flag=1001030103_,假
9,7555302556,玄月玖伍,"目前仍有物资缺乏！！！！！！！！！这是官方求助！！！！！！！！！！
#河南暴雨互助##河南一定行#
我是战博临时线上反馈队@永恒定律·战山为王 电联组长 念一
我们收到了一条求助信息。
信息如下。
救援地址：河南省鹤壁市淇县。淇县接收社会捐助物品统一接收地点:中美物流园(河南康讯医药有限公司)
地址:人民路泰山路交叉口
联系电话：
联系人：孙树军13939201559
联系人：张茜13939230130
联系人：介保栋15033886569
联系人：孟红伟13903924577
联系人：赵东东18739227955
联系人：耿然然15239285683
联系人：高莹15346273698
联系人：李向红17739256338
联系人：刘枚菊13939298199
联系人：裴爱荣13839206943
救援人数：3万人。
救援需求：缺叉车10台，钩机50台，铲车50台，大功率发电机100台，水泵100台，电脑，打印机，米面油，消毒液，雨靴，雨伞，雨衣，帐篷
最后核实时间：2021.7.26 上午8点36分 ",07月24日 14:26,Redmi Note 7 Pro,https://weibo.com/7555302556?refer_flag=1001030103_,假
10,3948506025,江晚渡月,//@吾蕊-:#河南暴雨救援# 一定要平安阿！,07月22日 21:30,iPhone客户端,https://weibo.com/3948506025?refer_flag=1001030103_,假
11,5380951985,CchengJiaYuE,"最近意想不到的灾情一直在发生 ，郑州水灾、南京又起疫情、浙江马上登陆的台风、各地纷纷报出来的暴雨，四川时不时的地震，晚上吃饭我姐说“害怕了，都想回家了”…
我笑了一下，这句话听起来我不知道是心酸还是害怕，就像前天晚上的暴雷吓的窗子都不敢去关是一样的感觉😔 2宜宾·紫金城",07月24日 22:59,HUAWEI P30 Pro,https://weibo.com/5380951985?refer_flag=1001030103_,假
12,6374681198,某某的嚣张,//@_麟九_://@Nana_7橙桑:【寻人】❗❗❗❗//@半熟·芝士:#河南暴雨互助# 寻人！！！,07月22日 23:45,荣耀10 AI变色更潮美,https://weibo.com/6374681198?refer_flag=1001030103_,假
13,5938548622,玐玐keyo,【#1041寻人# 郑州张镇东在暴雨中失联，家人都在等他回家】寻找失联人员：张镇东，男，32岁，身穿白色短袖黑色短裤。于7月21号早上6点多离开商务外环路众意路交叉口的路劲大厦预计准备前往家住地址经三路农科路交叉口的金城国际广场，在7月21号晚7点多与家人联系后一直处于失联状态。望有线索的好心人联系张国富：13939685393。（5G现场记者 郝帅） ,07月24日 15:21,微博 weibo.com,https://weibo.com/5938548622?refer_flag=1001030103_,真
14,2258833123,北京消防,【别怕，我们来了！】7月24日，北京市消防救援总队通州支队3搜救援艇，22名指战员执行救援任务，新乡市牧野区韩社区3000名居民等待救援！@北京通州消防 @河南消防 @中国消防 #河南暴雨消防急救援##暴雨中的橙色力量# L北京消防的微博视频,07月24日 22:59,微博视频号,https://weibo.com/2258833123?refer_flag=1001030103_,真
15,2550998443,-吉祥天女-,"#河南暴雨##杭州机场取消90%以上航班# 师傅身体力行支援灾区人民去了，人家在救苦救难的时候，我却还在各种计较得失……

祈祷灾情快点过去
祈祷师傅平安归来
🙏🏻 🙏🏻 🙏🏻",07月24日 22:59,Note 9,https://weibo.com/2550998443?refer_flag=1001030103_,假
19,7025530590,呆桃与啵啵·,"#河南暴雨救援# 🆘#河南暴雨互助#
【已核实】【转】

🚨𝟮𝟬:𝟰𝟮已核实‼️𝟮𝟬𝟬多名学生待救援‼️

没水没电没网 电量不足 急需支援‼️‼️‼️
☎️𝟭𝟳𝟱𝟱𝟬𝟱𝟵𝟱𝟲𝟭𝟬
☎️𝟭𝟱𝟱𝟯𝟴𝟭𝟵𝟮𝟯𝟬𝟵

地址：郑州市中牟县富康佳苑 ",07月21日 21:19,OPPO智能手机,https://weibo.com/7025530590?refer_flag=1001030103_,真
20,5151918954,兴芒-10,"#河南暴雨互助##新乡#新乡日报社记者已核实:
经证实：107漫堤了，已经用面粉，饲料堵。需要沙袋，专业救援人员。
地址：107新原立交桥，往北方向联系电话：王永周13523220698
赵立印13523255551
张庆海13569859035
焦小民
13781985491
王永兴13462261439
张艳新
13069353881 2新乡 L新乡早知道的微博视频 ",07月24日 00:44,微博视频号,https://weibo.com/5151918954?refer_flag=1001030103_,真
21,6979830162,用户6979830162,女子暴雨被困 特警男友赶到先救其他市民 O网页链接,07月24日 22:59,学习强国客户端,https://weibo.com/6979830162?refer_flag=1001030103_,真
22,1970887207,微笑的水蓝湛湛,#新乡暴雨求助# 希望尽快找到！//@老佛爷elva:寻人#河南暴雨互助#,07月24日 20:21,,https://weibo.com/1970887207?refer_flag=1001030103_,假
23,1097571394,信阳消防,【#不会游泳也能用的落水自救法#】突发暴雨洪灾，不慎落水如何自救？@桂林消防119 消防员亲身示范“水母漂”“空瓶浮”“纵队行”三种实用自救方法，即使不会游泳也能用得上。一起看视频学习。 L新华社的微博视频,07月24日 22:59,微博视频号,https://weibo.com/1097571394?refer_flag=1001030103_,假
24,3365355414,秦岭二月,【泪目！#在郑独居父亲收到女儿7条叮嘱#：你现在是我的唯一】#河南暴雨直击#郑州连日大雨，在北京工作的宋女士因无法联系到在郑州独居的老父亲而感到揪心。你那里下雨了吗？希望朋友们都平安！7月21日，宋女士拜托郑州助老特别行动队寻找失联父亲，并一定要把“七条叮嘱”当面念给她父亲听，晚上20时，一切安好的父亲收到了来自女儿的叮嘱，“你是当过兵的人，一定要坚强。”@搜狐千里眼 L搜狐千里眼的微博视频 ,07月24日 22:59,微博视频号,https://weibo.com/3365355414?refer_flag=1001030103_,假
26,7181113556,被风吹着向你跑来,等一个暴雨,07月24日 22:59,nova7Pro你在焦点在,https://weibo.com/7181113556?refer_flag=1001030103_,假
27,1785450124,FitFita,和s晚上本来想去吃塔可 但是店里下架了 我们出去走到一半突然下暴雨 想着随便找个地方吃吧 然后就冒着雨跑进了餐厅 坐下来的时候发现 我们湿漉漉的样子 应该是进隔壁大排档 而不是进来锯扒 s说 没关系 我们优雅永不过时,07月24日 22:59,iPhone 12 Pro Max,https://weibo.com/1785450124?refer_flag=1001030103_,假
32,2139893427,绍兴越城公安,#抗击台风 宁波公安在行动# 【搜寻4小时，暴雨夜找回走失女孩】7月23日晚上，奉化江口街道郭范村一名9岁女孩在回家途中遇上暴雨，因害怕台风天气便躲进了村里的一间废弃房屋避雨。女儿彻夜未归，父母担心台风天出意外随即报警求助。在民警和家属的共同努力下，今天凌晨4时许，终于在村里的一间废弃房屋中找回了走失的女孩@奉化公安 L宁波公安的微博视频 ,07月24日 15:05,微博视频号,https://weibo.com/2139893427?refer_flag=1001030103_,假
34,5995845634,-菠萝锅锅-,"像很多鸡汤博主说的 我一直都知道有人爱我。
我的爷爷奶奶 我知道他们毫无保留地爱着我。
端午节的时候打电话给他们说我很想吃他们包的红枣粽子 于是他们留了很多冻在冰箱里 等着我回老家的时候吃
河南和附近的省份暴雨成灾 晋城和郑州挨得很近也受到很大影响 爷爷奶奶在视频里数着他们听邻居和朋友说的哪个县城的哪户人家又被水冲走了 哪个村子又淹死了多少人 我以为他们很害怕很担心 于是就跟他们说要注意安全 结果爷爷奶奶说 所以广州下大雨的时候 让我一定要保护好我自己
快要立秋了 爷爷奶奶很骄傲地跟我炫耀他们在老家种的菜长势很好 院子里种的葡萄也快成熟啦 会是又大又甜的葡萄 奶奶第一反应就是想给我寄过来让我尝尝 真好呀
小时候因为家庭的原因 我一直是个不善于表达情感的人 尤其是不善于表达对亲近的人的情感 我觉得好肉麻好别扭哦 但是不知道从什么时候开始 这个习惯被改变了
每次跟爷爷奶奶通电话或者视频聊天的结尾 我都要问他们一句 你们有没有想我呀 有多想我呀 爷爷奶奶就会笑得很开心 不厌其烦地每次都回答我 想呀 怎么能不想你呢 我们一天到晚都在念叨你 奶奶出去买菜 做饭都在说朵朵朵朵 还说不想你
嘿嘿 我好爱爷爷奶奶 我永远最爱最爱爷爷奶奶 ",07月24日 22:59,iPhone 12,https://weibo.com/5995845634?refer_flag=1001030103_,假
35,5702160527,甜系奶烊0,扩扩扩#河南暴雨互助#,07月24日 19:32,iPhone 6s Plus,https://weibo.com/5702160527?refer_flag=1001030103_,假
37,5994589559,金老师的说法,"有些人明明是自己的身材不好又不会穿搭，就把责任都推到买的牌子不够好，其实无论是耐克阿迪还是鸿星尔克，他们穿上都是一个隧样儿，所以“不好看、不上档次”这口锅，国产品牌不能再背了，鸿星尔克真棒，跟金老师一定为他们加油

#鸿星尔克的微博评论好心酸##鸿星尔克立志成为百年品牌##鸿星尔克捐赠5000万驰援河南##鸿星尔克捐款下的微博评论好心酸##鸿星尔克7月23日销量增长超52倍##薇娅真的把鸿星尔克找来了##这是什么阴间开幕式##这是什么阴间开幕式##东京奥运开幕式##新乡暴雨##新乡暴雨求助##新乡出现漫堤险情##安阳暴雨##鹤壁暴雨##鹤壁决堤##鹤壁暴雨救援##鹤壁浚县急需物资##鹤壁降水量已超过郑州##北京警方通报吴亦凡事件##吴亦凡值得坐牢##吴亦凡坐牢##吴亦凡坐牢吧##北京警方通报吴亦凡事件##吴亦凡##交通部发文要求汲取郑州地铁教训##停靠40小时的K226次列车迎来物资##都美竹让吴亦凡宣告退圈##都美竹 吴先生这次是决战##网友想对都美竹说的话##吴亦凡 都美竹##吴亦凡方律师声明##吴亦凡代言品牌权限与他合作发布的微博##云听终止与吴亦凡一切合作##O网页链接##吴亦凡代言品牌权限与他合作发布的微博#。#韩束与吴亦凡解约##吴亦凡被控诱骗未成年女孩##多家品牌火速删除吴亦凡合作广告##吴亦凡代言品牌权限与他合作发布的微博##韩束与吴亦凡解约##良品铺子已终止与吴亦凡合作##东京奥运会运动员下榻酒店暴发集体感染#@每日经济新闻 @北京人不知道的北京事儿 @爆笑幽默君 @吃遍全世界美味 @财经杂志 @凤凰网 @京城律少 @美国每日事儿 @南方周末 @Vista看天下 @作家崔成浩 @真快乐 @三联生活周刊#时评##微博时评##毒舌时评##新浪微博热搜榜##热搜疯狂打call##我上热搜了##热搜穿越##我要上热搜##财经头条##财经##财经头条文章##新浪财经##社会新闻##东京##东京奥运会##东京奥运会倒计时30天##东京奥运会倒计时# @石述思 @肖锋 @Kevin在纽约 @Kevin在纽约 @作家崔成浩 @迟夙生律师 @李庄 @石述思 @王福重 @肖锋 @高晓松 @尼克德纳 @日本房产-老居@崔永元 @彩虹熊_白玮 @防务君 @何兵 @illionaireNick @江平教授 @李庄 @刘辉律师@Vista看天下 @彩虹熊_白玮 @崔永元 @凤凰网 @高晓松 @何兵 @江平教授 @尼克德纳 @日本房产-老居 @USA美国那些事儿 @周泽拍案 @易胜华律师 @伍雷洗冤 @欧洲时报 @马强美国移民律师@澳大利亚驻华使领馆 @奥地利驻华使馆 @爱尔兰驻华大使馆 @印度驻华大使馆 @阿联酋驻华大使馆 @白斌的公法梦 @冰岛驻华大使馆 @比利时驻华使馆 @柏浪涛的刑法观 @德国驻华大使馆 @法国驻华大使馆 @樊建川 @凤凰周刊 @法律人杨斌 @法职_庞九林律师 @高晓松 @何兵 @荷兰驻华大使馆 @韩国驻华大使馆 @加拿大大使馆官方微博@罗昌平 @罗振宇 @美国驻华大使馆 @美国驻沪总领事馆 @民商法孟献贵 @民法韩祥波 @南都周刊 @南方人物周刊 @挪威驻华大使馆 @欧盟在中国 @澎湃新闻 @葡萄牙驻上海总领事馆 @日本国驻华大使馆 @沈阳美国领事馆 @土耳其驻华大使馆 @Vista看天下 @王福重 @王牧笛 @西班牙驻华大使馆官方微博 @意大利驻华使馆 @英国驻华使馆 @意大利驻沪总领馆 @印度驻广州总领事馆 @英国驻广州总领事馆 @以色列驻华使馆 @左宁刑诉@北京检察 @北京日报 @北美世界日報 @不再是检察官的露薇 @迟夙生律师 @德国驻华大使馆 @法国驻成都总领事馆 @法国驻上海总领事馆 @何兵 @美东侨报 @美国驻广州总领事馆 @美国驻沪总领事馆 @欧洲时报德国版 @拍案正法 @三联生活周刊 @伍雷洗冤 @王牧笛 @香港中国新闻评报 @英国驻上海总领事 @正义必定胜 #娱乐圈##肖战滚出娱乐圈##吴亦凡滚出娱乐圈##娱乐圈那些事##都美竹姐姐发文##中国演出行业协会发声##吴亦凡工作室发澄清##马保国##马保国被ko##马保国武术行为图鉴##马保国也难逃真香定律##郑爽#郑爽#郑爽正能量##郑爽加油##郑爽张恒孩子出生证明##郑爽苏嘉蔓##郑爽微微一笑很倾城##郑爽回应一直在争取抚养权##美食##郑州美食##开封美食#美食#美食分享##不可辜负的美食##美食打卡##我的美食日记##美食时刻##美食治愈系##唯有美食不可辜负##美食故事##美食推荐##韩红爱心支援郑州在行动##河南暴雨##河南暴雨救援##河南一定行##河南暴雨##河南暴雨救援##河南暴雨互助##河南一定行##河南挺住# L金老师的说法的微博视频 ",07月24日 22:59,iPhone客户端,https://weibo.com/5994589559?refer_flag=1001030103_,假
38,1963997773,漯河同城会,"【#河南文物局局长哭了#】 “文物人太累了，我没有办法抢救所有的文物我没有办法保障文物不受损，郑州博物馆馆长张霆说，作为文物工作者文物的安全比我们的生命重要，我泪流满面………”这是7月23日晚，省文物局局长田凯在微信朋友圈更新的一条动态，道出了暴雨之下文物考古人一往无前的使命与担当，触动了无数文博人。

河南作为文物大省、考古大省，现有不可移动文物数量居全国第二，有世界文化遗产5处，全国重点文物保护单位420处，省级文物保护单位1170处。

“ 人在，文物在。”是每个河南文物考古人的信念。暴雨期间，全省各级文物部门深入博物馆、考古工地、遗址等一线现场，巡查、加固、排涝、清淤等，全力抢救受到暴雨威胁的文化遗产。每个文物人都在拼尽全力与时间赛跑，与险情抗争，风雨前未雨绸缪，风雨中舍命坚守，只为撑起文明的保护伞。致敬！

据悉， 国家文物局已专题研究支持河南省受灾文物抢险工作，决定动用文物突发事件应急处理项目资金，支持河南受灾文物应急、支护、抢险及勘察勘探等，确保受灾文物第一时间得到保护。（记者 温小娟）L河南日报的微博视频 ",07月24日 22:59,微博视频号,https://weibo.com/1963997773?refer_flag=1001030103_,假
40,7210916656,·山间月色·,#河南暴雨互助# //@博肖爱心联盟:#河南暴雨救援# ‼️物资领取‼️需要救援物资的可以到新乡学院（金穗大道东）领取，需要自己带车！ 有灾民安置和抗洪一线需要的请与新乡学院接收点联系！已核实，请大家助力扩散！,07月24日 10:25,新乡学院超话,https://weibo.com/7210916656?refer_flag=1001030103_,假
42,6238230616,沫甜儿motier,//@兔子源爱蹦蹦跳:#新乡# #新乡急需皮划艇冲锋舟# #新乡30座水库有29座蓄满溢洪# #新乡暴雨已致128万余人受灾# #直击新乡特大暴雨#,07月24日 22:35,荣耀30 5G,https://weibo.com/6238230616?refer_flag=1001030103_,假
43,7451246544,八个毛毯,乡村很需要援助#河南暴雨互助# //@全世界最有用的猪:#河南暴雨互助# //@学玺使我快乐:#鹤壁浚县急需物资# 河南暴雨互助【急需物资】现缺汽油桶（储存汽油用于发电机）缺头灯/手电/饮用水/方便面/易储存类食品！ 物资接收人魏彦宁：13569668166 接收地点：浚县王庄乡南苏村大队部,07月24日 22:18,Android,https://weibo.com/7451246544?refer_flag=1001030103_,假
44,5269822571,永州消防,【消防员为居住于28层的老人送生活用水】7月22日17时，郑州市消防救援支队巩义大队前往中原区一小区开展排涝工作，期间接到小区28层住户求助，家中有行动不便老人居住，急需饮用水，大队派遣消防员前往送水。#橙色力量守护河南##河南暴雨互助# @河南消防 L中国消防的微博视频,07月24日 22:59,微博视频号,https://weibo.com/5269822571?refer_flag=1001030103_,真
45,1740901921,Nothing无懈可击,"河南暴雨互助紧急求助🆘 ‼️ 凤泉区绿茵河畔需要大型龙吸水抽水泵
尊敬的各位领导，各位同胞，河南省新乡市凤泉区绿茵河畔整个小区全部被水淹没，排水系统全部瘫痪，已经浸泡了4天3晚了，再泡下去后果不堪设想，大楼的地基框架，长时间积水的细菌繁生！物业不作为！恳请党和国家，政府部门办事处的领导们安排大型抽水设备，来支援绿茵河畔上万名住户的人身安全。我们的家园‼️ 万分感谢🙏🙏🙏
联系人白守双 15670555069@央视新闻 @央视新闻 @新浪新闻客户端 @人民日报 @河南卫视 @瞭望东方周刊 @娱闻新风尚 2北京·北京·我们的费罗岛 ",07月24日 22:59,HUAWEI P30,https://weibo.com/1740901921?refer_flag=1001030103_,真
46,1567314890,一战的弯弯,"博君一肖

️𝟬𝟴𝟬𝟱 𝗠𝗜𝗦𝗦𝗜𝗢𝗡-［𝟬1]公益项目
【河南乡村学校爱心健康洗手计划】

关注卫生条件，助力灾后重建
关爱农村孩童，守护幼苗健康

爱心啵啵，呵护全家
-

地点：河南洛阳/郑州（啵啵的家乡）
项目实施：全球热在Yibo生日之际，特以弟弟名义，捐赠10000 元至河南农村五所小学及幼儿园，为其提供500瓶舒肤佳洗手液。为改善乡村学校卫生条件，助乡村儿童的健康成长贡献爱的力量。学校名单及物资进展会在后续公布跟进。

特感谢：
1. 枣波波老师@枣波波 授权的贴纸（将贴于洗手液瓶身）
2. 中华少年儿童慈善救助基金会对项目的鼎力支持
-
✶𝐻𝑎𝑝𝑝𝑦 𝐵𝑖𝑟𝑡ℎ𝑑𝑎𝑦 我们一博
愿每一份善意都能落到实处，同时给予你最好的福报。
- ",07月24日 20:05,博君一肖超话,https://weibo.com/1567314890?refer_flag=1001030103_,真
48,1800258830,ThirteenStarsBlueDreamEverLove,#江苏已发布50个台风预警##杭州大暴雨# 我的房子咋办啊，急死人啊，我还没回杭州呢,07月24日 22:59,HUAWEI P40 Pro 5G,https://weibo.com/1800258830?refer_flag=1001030103_,假
51,7024604641,南琛陌爱,"百团大站公益#百团公益#
【百团大“站”公益—37家粉丝团体联合应援公告】

风雨来袭，山河疮痍
目光所及之处皆是废墟
华夏大地，灾难侵蚀
目光所及之处皆已虚无

炎黄子孙，自当团结
齐心协力，携手同行
抗击洪水，义不容辞
凝心聚力，刻不容缓

河南挺住，我们来了
我们从千里之外冒雨而来
带着爱，带着希望
就算大雨让整座城市倾倒
我们会给你怀抱，予你温暖
祈福河南，祈愿平安！

37家粉丝团体联合向河南省新乡市卫辉市2个村捐赠2100箱矿泉水、400箱面包，愿他们平安，河南加油，我们在一起！ ",07月24日 22:38,百团大站公益超话,https://weibo.com/7024604641?refer_flag=1001030103_,真
52,6271138061,涂改液oo,河南暴雨互助扩，急需救生衣//@小馒头i1128:鹤壁市浚县王庄镇南苏村//@佟年的童:求一个具体地址,07月24日 22:18,HUAWEI nova 3,https://weibo.com/6271138061?refer_flag=1001030103_,假
53,6981005733,钱都给李飞,#河南暴雨互助#//@楼里偷小孩儿的:‼️‼️【现河南省鹤壁市浚县新镇镇西皮村】需要救生衣‼️还有其他物资,07月24日 22:24,Note 9,https://weibo.com/6981005733?refer_flag=1001030103_,假
59,5317821279,酒窝窝喔喔奶糖,谢谢大家，各地救援已经陆续到达了，飞机也给我们空投了物资，真的很感谢大家的帮忙，之前手机没电没信号，现在有信号了我来给大家说一下。真的很谢谢大家，消息发出来以后收到全国各地网友们的关切，谢谢大家 #新乡##新乡暴雨# 2辉县市,07月24日 22:59,HUAWEI P30,https://weibo.com/5317821279?refer_flag=1001030103_,真
60,5318289803,水影千帆,#河南暴雨互助#//@chaoscoups:救人,07月24日 19:46,🍊'HarmonyOS设备,https://weibo.com/5318289803?refer_flag=1001030103_,假
65,5196057034,罗云熙的守护神,大家都要平平安安//@罗云熙Leo:扩散给更多的人！大家注意安全，愿一切平安！#河南暴雨互助#,07月20日 21:19,微博 weibo.com,https://weibo.com/5196057034?refer_flag=1001030103_,假
66,6050565571,小小鹿吖吖吖,"#郑州# 在如此艰难的环境下，我还是做高铁来打针💉了，因为九价太难抢了[流泪]但又怕过几天生理期错过了时间🤦🏼‍♀️九价hpv
（PS:今天真的好坎坷，7点多爬起来，坐公交到高铁站，由于郑州下暴雨导致线路故障，在没网没信号的地方足足停了2个小时😭，回来买不上票，好不容易买上了导致又晚点了，买的高铁🚄票走的却是火车的速度，导致晚上22点才到家，比我上一天班还要累[流泪]）
❤️不过结局还是完美的
❤️顺利接种，安全到家 ",07月24日 22:59,iPhone客户端,https://weibo.com/6050565571?refer_flag=1001030103_,真
67,2682309333,义乌公安,遇到这种情况千万不要心疼车了，第一时间逃生，保命要紧！车没了可以再买，人没了就真的没了。🙏#分享河南暴雨中可爱的平凡人##暴雨如何自救# L交通安全蜀黍的微博视频,07月24日 22:59,iPhone客户端,https://weibo.com/2682309333?refer_flag=1001030103_,假
70,2282890063,多崎玉上,#河南暴雨互助# //@尉迟燕窝:难以想象家属的煎熬//@我又有一些真知灼见:到底为什么不能加大搜救力度啊//@-西瓜姑娘-:,07月24日 19:46,iPhone客户端,https://weibo.com/2282890063?refer_flag=1001030103_,假
71,6572059147,可爱的小yaoyao,爱心人士的饭菜，来着大姨妈一天没吃饭了，真的泪流满面#新乡暴雨#,07月24日 22:59,iPhone客户端,https://weibo.com/6572059147?refer_flag=1001030103_,假
72,7272455418,L壹堆乱码,"#河南暴雨救援# #周口泄洪##河南#河南暴雨互助
上保郑州，下保周口，扶沟人民付出了全部
此刻扶沟县人民需要支援！🙏🙏🙏
扶沟县红十字会
关于接受捐赠抗洪救灾钱款物资的公告

为了保障社会各界捐赠扶沟县抗洪钱款、物资的顺利接收和使用，确保信息沟通顺畅，确保各种物资发挥最大效益，扶沟县红十字会就接受社会捐赠的有关事宜公告如下：
一、捐赠物资种类
救生衣、席子、夏凉被、帐篷、照明灯、大容量开水烧水桶、灭蚊灭蝇药品、方便即食食品、发电机组、排水泵、救生橡皮艇、灾后消杀设备、药品。
二、捐赠渠道
全县统一由扶沟县红十字会统一接收、管理、发放各种捐赠钱款、物资。
三、对外联络沟通
全县统一成立十人信息沟通联络组，负责与有捐赠意向的单位和个人电话联络沟通。联络人员名单及电话如下：
1、贾 涛，13513870568；
2、李 磊，13949991512；
3、王 贞，18336110333；
4、郝艳红，15516773169；
5、温 强，13592271987；
6、李月华，13603870328 ；
7、刘 杨，18348348236；
8、王爱霞，15516710828；
9、王艳丽，13523105617；
10、陈亚杰，13592225358。
四、捐赠钱款物资接收
1、钱款捐赠：县红十字会银行专户。
开户行：中国邮储银行扶沟县北大街支行。
账户名称：扶沟县红十字会。
帐号：941009010042090003。
捐款人备注单位+姓名+（捐款意向），原则上不接收现金捐赠。
2、物质捐赠。接收地点咨询联系接收人员确定。接收人员及电话：李保军，13838692519；施电丽，15003946390。

扶沟县红十字会
2021年7月24日 2北京·中国劳动关系学院北京校区 ",07月24日 21:32,HUAWEI P40 Pro 5G,https://weibo.com/7272455418?refer_flag=1001030103_,真
73,5833892098,今天发际线后移了吗,"在这里住了这么久，还是第一次从福塔前面经过

最近因为郑州的暴雨，福塔上面的字也变成了— 风雨同舟，我们在一起。 郑州在慢慢恢复原样。希望新乡也快点好起来",07月24日 22:59,iPhone客户端,https://weibo.com/5833892098?refer_flag=1001030103_,假
81,2036296851,lillian栾,"暴雨
电闪雷鸣
我有点慌",07月24日 22:59,,https://weibo.com/2036296851?refer_flag=1001030103_,假
83,5967053535,张愣Leng,"河南暴雨互助#新乡泄洪##抗洪英雄大赏#
🆘🆘🆘拜托大家都帮帮新中大道以东的村庄吧，我们临近卫河的村庄真的顶不住一个城市的压力了，城中的百姓喝着酒聊着家常，却不知道河岸上的各个村干部、党员、年轻人已经四天三夜没怎么合过眼了，村中的老人小孩已撤离，但是还有好多人坚守在抗洪一线，河东岸的村庄已经被淹了，河西岸的我们也快坚守不住了！新乡真的不只有牧野湖，彩虹桥啊，拜托大家关注一下临近卫河的乡村吧❗️❗️❗️ ",07月24日 22:59,河南暴雨互助超话,https://weibo.com/5967053535?refer_flag=1001030103_,真
84,5917154961,王府竹海度假旅游区,"栾川旅游企业，好样的！#洛阳身边事# #河南暴雨救援#
为全力打赢河南省防汛抗洪抢险救灾这场硬仗，2021年7月24上午，由栾川县多家景区及相关单位组成的旅游企业献爱心救灾物资专车车队，集结出发捐赠至郑州等受灾形势依旧严峻的农村地区，用爱与真情与河南受灾群众共渡难关，践行企业社会责任。越是大灾大难，越是守望相助，越是千钧一发，越要挺身而出！点赞栾川旅游企业，好样的！ 待天朗气清，我们再观祖国山河美景！#王府竹海度假旅游区# @栾川旅游 ",07月24日 22:59,微博 weibo.com,https://weibo.com/5917154961?refer_flag=1001030103_,真
85,2051258110,河北新闻网冀看点,【#10分钟预判他救了无数家庭# 谢谢你，侯文超！】7月20日，郑州一场特大暴雨来袭。在京广北路隧道由北至南上坡处，积水已经淹到了轿车轮胎的三分之二处，400多辆车子堵在这里。一名男子奔走呼喊，逐个敲车主窗户，组织400多名车主安全撤离。经寻找，这位喊话救人的好心大哥就是侯文超。L看看新闻KNEWS的秒拍视频 ,07月24日 22:59,微博视频号,https://weibo.com/2051258110?refer_flag=1001030103_,真
86,5361377727,GOT7_JacksonWang,"哪怕只有一个人看到 都好！！
已核实，请求紧急救援！！！距离京广隧道西广场400米之遥的隆福国际小区受灾严重！！3000户近2万人断水断电！地下车库和地下室积水严重已经地面大面积塌陷，地基沉降，整个小区八栋楼将近2万人的安全受到严重威胁！小区已经有人溺水而死！[流泪][流泪]跪求各地朋友转发救援！[流泪][流泪][流泪]拜谢！[合十][合十][抱拳][抱拳]联系电话66972999，18100320998
核实时间：20：43分
核实人：潘彩勤
目前地下两层积水特别严重，地面裂缝，有地基下沉迹象，请及时救援。 河南暴雨互助 ",07月22日 22:30,iPhone 11 Pro Max,https://weibo.com/5361377727?refer_flag=1001030103_,真
87,5660332545,平平无奇的追羊人,#河南暴雨互助# #新乡暴雨求助# ‼️ ‼️ ‼️ ❗ ❗,07月24日 22:58,vivo智能手机,https://weibo.com/5660332545?refer_flag=1001030103_,假
88,7649134999,梦里啥都有是不是,天呐撸怎么回事一个接一个的下暴雨//@江南哥儿:杭州也这么严重了，都注意安全啊。//@互联网白少侠:#杭州民警冲在抗击烟花前线# 杭州加油！警察蜀黍也要注意安全！,07月24日 16:44,微博视频号,https://weibo.com/7649134999?refer_flag=1001030103_,假
90,5301417519,草莓芝士多加冰,#河南暴雨互助# //@Ochannel_://@chaoscoups:救人,07月24日 19:46,iPhone客户端,https://weibo.com/5301417519?refer_flag=1001030103_,假
92,6607370904,小毓电台-,#河南暴雨救援#,07月24日 22:30,iPad Pro,https://weibo.com/6607370904?refer_flag=1001030103_,假
93,7142344406,TuUyn,"#爱豆v力量#⭕️#爱豆能量月#
自己选择了方向与路途时，就不要抱怨，一个人只有承担起狂风暴雨，才能最终守得住彩虹满天。
张嘉元 btuzjy155",07月24日 22:59,宇宙海能量基地超话,https://weibo.com/7142344406?refer_flag=1001030103_,假
94,1959398451,邯郸身边事,【#杭州萧山区突发山体滑坡#】受台风“烟花”外围影响，杭州市萧山区河上镇东山村金家坞突发山体滑坡，有房屋被压，村内断电，暂时无人员伤亡。#萧山暴雨##关注台风烟花# O网页链接 http://mapi/8842ff52ly1gsrzjgfhj4j207k0dcmxr,07月24日 22:59,女粉丝送的iPhone客户端,https://weibo.com/1959398451?refer_flag=1001030103_,假
96,6484551557,你龟姐姐,外来援助河南的救援队，请不要再到郑州了，请直达焦作，修武，新乡，获嘉，辉县，占城镇 峪河镇 现在这边的情况更严重。这个视频是我的家乡东水寨，大堤已经决堤了，水都往我们附近的村里流，但是还是不止，水位还在涨，我们坚决支持国家，但是请帮助我的家乡，还有那里的人民。看见的帮忙转发，谢谢🙏🙏🙏 2焦作·修武县 L球球是我的好朋友的微博视频 ,07月22日 23:32,微博视频号,https://weibo.com/6484551557?refer_flag=1001030103_,真
98,7406365917,追雪肖肖的笑,#每天向肖战道晚安# 哈哈哈哈哈哈哈哈，三哥嫩嫩哒，这个造型可爱乖乖哒@X玖少年团肖战DAYTOY 我滴个乖乖，这么嫩，清新脱俗yyds 好想rua 一下这位宝宝小三哥，现在敢来个这样的自拍吗？@X玖少年团肖战DAYTOY 台风暴雨，横店也是大雨吧，有休息吗？@X玖少年团肖战DAYTOY 注意安全第一，每天都是最初见你的感觉， 肖战:晚安！wanan，good night！#虾 什么事情都想告诉帅哥肖战# ,07月24日 22:59,灵魂纯净肖战顺顺利利,https://weibo.com/7406365917?refer_flag=1001030103_,假
101,2298617255,胖阿四,大晚上，闪电打了好几个，不是在渡劫就是要下暴雨了。速速回,07月24日 22:59,HUAWEI Mate 40 Pro,https://weibo.com/2298617255?refer_flag=1001030103_,假
105,5607833532,奇幻尽头,#绍兴暴雨# 扩,07月24日 12:13,绍兴超话,https://weibo.com/5607833532?refer_flag=1001030103_,假
106,3143264792,富贵竹竹7,专业的人做专业的事情，灾区的话没有救助经验的明星就别去添乱了吧，你这扶个老人上船旁边还要专门配个拍照的，然后干一会儿你体力不支了，还要有两个志愿者去架着走作秀真的看吐了。然后粉丝还要不停的占据公共资源和热门来吹，恶心死了。#河南暴雨救援#,07月24日 22:59,三星android智能手机,https://weibo.com/3143264792?refer_flag=1001030103_,假
107,5589920734,我有只锅,"万万没想到绍兴这次这么台风暴雨那么严重
我宝宝都没有车回去了哈哈哈哈哈哈在我家呆着好好陪我吧哈哈哈哈哈",07月24日 22:59,nova4自拍极点全面屏,https://weibo.com/5589920734?refer_flag=1001030103_,假
109,1362247790,包包包包包包子冏rz,这次的暴雨覆盖面真的广，下午有个开封的同学发信息看他拍的画面他们那也淹了一大片。还有有几个同学家在新乡，祝大家平安。,07月24日 11:34,微博视频号,https://weibo.com/1362247790?refer_flag=1001030103_,假
110,1781635060,我想要变成吃货,#郑州地铁失联人员家属申请地下搜救# 🙏#郑州地铁失联者家属盼专业救援# 🙏#继续寻找沙涛# 🙏#上海女子赶赴郑州地铁5号线寻夫# 🙏🙏🙏救命啊！！！@郑州发布 @河南暴雨互助 @河南卫视,07月24日 19:46,iPhone客户端,https://weibo.com/1781635060?refer_flag=1001030103_,假
111,1955971021,Iloveanimals,//@麻尾:扩//@万茜:河南暴雨紧急求助通道开启,07月21日 04:49,微博 weibo.com,https://weibo.com/1955971021?refer_flag=1001030103_,假
113,7613751778,恋幂爱旭,杨幂杨幂//@杨幂:一定要平平安安！ #河南暴雨互助#,07月20日 19:24,微博 weibo.com,https://weibo.com/7613751778?refer_flag=1001030103_,假
114,7274192106,适合独处-,"#台风烟花袭来# 绍兴的暴雨……这只是外围云系而已啊……台风本体还没来 ，台风本体登陆后，将会在我省回旋，给我省带来持续性的强降雨，请密切关注最新的预报信息。省防汛抗旱指挥部已启动防台风I级应急响应。
另外大家可以在微博搜索：XX气象或者XX天气，关注气象部门的官方账号，及时获取最新的预报预警信息，做好相关的防范工作。
#台风#
L温州气象爱好者的微博视频 ",07月24日 11:20,人见人爱的Android,https://weibo.com/7274192106?refer_flag=1001030103_,假
116,5832816917,2000格格3000,#河南暴雨互助# //@懒得作诗:#河南暴雨救援# 【全村8000余人被困‼️】,07月24日 01:09,iPhone客户端,https://weibo.com/5832816917?refer_flag=1001030103_,假
117,2701840421,变量Ai,#新乡##卫辉暴雨# 快哭了，真的快哭了，本来以为已经没事了，但一觉醒来发现天又来了个急转弯！！！雨又下了一夜，卫河快要决堤了！！！！新乡、卫辉、辉县已经岌岌可危了！！！！新乡不是乡啊！它是一个市啊！！！卫辉为爆破河堤已经牺牲了好几个村子了！！！现在几乎所有青壮年男性都上河堤了，救援力量还是不够！微博上依旧歌舞升平，还管流量明星的破事！人命关天啊！！！郑州是没事了，可其他地方呢？！！！不是没事了啊！救援队再来点吧！！！真的快要顶不住了！！！想回家都回不了，只能在单位跟同事在一起等消息，同事的姐姐已经失联了，这种滋味太难受了下面这张图是卫辉市政府，这种情况政府官员还在岗位上守着，但是真的好想回家啊 ,07月23日 08:57,荣耀30 Pro 5G,https://weibo.com/2701840421?refer_flag=1001030103_,真
118,7400581845,希易柔,#30天安利易烊千玺# 这次河南暴雨，我就知道事的他不会退缩，也是在之后通过别人知道他捐了两次，而且还捐了物资，他真的好棒好棒！我没有喜欢错人，可以永远相信他！@TFBOYS-易烊千玺 #跟着易烊千玺益起来#,07月24日 22:59,一心一意易烊千玺超话,https://weibo.com/7400581845?refer_flag=1001030103_,假
119,1358334044,有知里花,河南暴雨，一座座城镇都沉浸在水中，大家纷纷手拉手团结一心抗洪。随后安徽泄洪上了热搜……然后台风烟花刷爆微博。其实每个省份都有每个省份的难处，不能说谁帮谁挡了水灾，也不是我们浙江富有富足…当你们困难的时候想想我们面临抗台防汛的时候，我们面临损失的时候……祖国的每一片土地每一方民族有困难的时候，浙江也从来没有视而不见，微博搜一下也到处都是，不用刻意查找。祖国的每一处大好河山，我们生存的每一秒都要面对大自然的一切风云变化，我希望我们的祖国能变的更加强大！确实，从疫情到这次河南暴雨，我看到了我们中国人的强大，中国人的团结一心，看到了我们拥有坚强后盾-中国的自豪！ ,07月24日 22:59,iPhone 11 Pro Max,https://weibo.com/1358334044?refer_flag=1001030103_,假
125,1812482747,Xxxxgreen,大美昨天从河南回云南，两人小聚了一下今早两人一起回的老家，清晨的大暴雨真的以为天漏了，正好今天我弟25岁生日，和老妈买菜做饭招待客人，然而老妈肚子疼了一天，吃了药晚上也不见好转，只能到医院就诊，医生初步诊断为阑尾炎，然后深夜住进了医院先做检查，希望一切安好！,07月24日 22:59,Android,https://weibo.com/1812482747?refer_flag=1001030103_,真
126,2556073954,海蒂的花园,#晚安#海蒂的花园 白天突降暴雨，雨滴打在屋顶上像是要击穿整个房子，雨声大到足以掩盖掉其他任何声音，说实话还是有些害怕的，在大自然面前人类果真都很弱小。最近你有遇到什么特别害怕的事吗？ L海蒂的花园的微博视频,07月24日 22:59,海蒂的花园超话,https://weibo.com/2556073954?refer_flag=1001030103_,假
128,5630410580,张连晓888,我终于明白了，老天都在帮中国消毒啊！郑州暴雨，毒淹死了，台风把毒吹走了，只是我的猜测，哈哈哈……#有道理#,07月24日 22:59,乐1s,https://weibo.com/5630410580?refer_flag=1001030103_,假
132,3851596460,抬頭尚有天空_敲不碎,//@Pupypuffy://@此猫咬人2号机://@今天一定早睡喔:#河南暴雨互助# 帮帮忙吧 都等了好几天了//@十肆桥:转发,07月24日 19:46,iPhone客户端,https://weibo.com/3851596460?refer_flag=1001030103_,假
137,6268642167,在我心上悄悄话,#杭州萧山暴雨来袭# 这个话题也上去吧//@在我心上悄悄话:#杭州萧山区突发山体滑坡# 这个话题也上去吧！//@在我心上悄悄话:#直击宁波防台一线# 加油！#杭州富阳常绿镇被淹# #萧山进化多村突发大水# #绍兴抗台# 挺住！#杭州机场取消90%以上航班#,07月24日 21:42,iPhone客户端,https://weibo.com/6268642167?refer_flag=1001030103_,假
138,7632930598,兔兔过来吃披萨,"#河南救灾一线再现硬核大喇叭#🆘#新乡卫辉暴雨# 🆘#卫辉暴雨# 尤其缺乏米面油菜这类物资‼️‼️‼️‼️
卫辉严重缺乏物资，现在城市内涝严重，物资无法分发，并非物资充盈。蓄洪区灾民流离失所，将来很长一段时间都需要物资救援支持。有的河段河堤抢险的战士一天只有一瓶矿泉水一包泡面。感谢各地的支援，物资对接可以联系政府安置点卫辉市第五完全小学 来军校长15736960165 ",07月24日 22:16,nova7你在焦点在,https://weibo.com/7632930598?refer_flag=1001030103_,假
139,7382314780,小小怡怡怡呀,每天看一眼微博都能被气死，怎么可以那么不负责任，还有一堆人为郑州地铁洗白，消防和警官一直在救援，唯有地铁找不到负责人，是人能干出来的事么，都已经五天了！出事的那天明明有人说里面还有被冲走的人，地铁方面却说已经没人了，一拖再拖，到底在干什么！@郑州地铁 #郑州地铁失联人员家属申请地下搜救##河南暴雨互助##继续寻找沙涛# @假装是个么得人发现的小号 @蔡蔡蔡婷婷ing 请大家转发微博提升热度 ,07月24日 22:59,nova7你在焦点在,https://weibo.com/7382314780?refer_flag=1001030103_,真
143,2978009270,start20120316,"转眼又两个月过去了，忙得不可开交…
台风说是要来了，看看明天会不会暴雨，后天会不会也是大暴雨，菜预备了两天的量，看来，凡事都还是得有点余量啊…
刚刚睡觉前准备洗澡，听到躺在床上的小小强在对他爸说，妈妈每天都陪我玩，还给我买玩具，妈妈对我好，爸爸每天就让我写作业，我不想要这样的日子…好吧，这大概是小朋友的心声，其实我很想说，谁都想要天天过这样的日子啊…
本来想进去跟小小强说两句，后来想，算了，这是他们父子俩之间的事，他们应该有他们的对话，我就不去说了，如果他有一天这么跟我说，那我想，我会跟他说如下几点：
1、你想要的这种每天有人准备好吃的，陪着开心的玩，想要啥玩具就给买啥玩具，这样的日子，每个人都想要啊…（肯定想法）
2、这样的日子，得来也是有付出的，那是我和你爸拼搏奋斗了40年，然后你才看到了今天这样的结果…
3、现在你还小，父母有责任也有能力养你，但是，父母会变老，会越来越没有能力，终将有一天，会离开这个世界，那个时候，你还想要这样的生活，只能靠你自己了。
4、一个人能在社会上生存的能力，不是一蹴而就的，而是从小到大，经年累月的积累的结果，所以，这也是爸爸每天督促你认真学习，培养好习惯的原因，是为了你长远而考虑。
5、一个人的能力越强，性格越好，视野和格局越高，社会适应性就越好，选择面就越广，就越能从容的选择自己想要的生活。
6、因此，妈妈对你的好是一种好，爸爸对你的好是另一种好，爸爸和妈妈其实是只是分工不同，所给予你的，也都是人生的一部分内容，有拼搏奋斗的时候，也要有休息放松的时候，张弛有度，才能长久。
7、父母之爱子，则为之计深远，终有一天，你会明白。在这一天来临之前，也请你相信，爸爸妈妈一样爱你，而且永远爱你。
8、不知道爸爸听到你这样说会是什么心情，如果我听到你这样说，可能一瞬间会有点失落，沮丧，然后想想是童言无忌，然后，讲这些心里话给你听… ",07月24日 22:59,HUAWEI Mate 30 5G,https://weibo.com/2978009270?refer_flag=1001030103_,假
146,7652345317,preference王俊凯,"河南暴雨互助失联
已核实 7/23 5：03
夫妻二人（家里有小宝宝），20号晚失联，至今未归，望郑州的朋友帮帮忙扩散[Fight][Fight][Fight]万分感谢[Rose][Rose][Rose]
哥哥:29，1.75米，灰色横条纹夹克衫+蓝色牛仔裤+蓝色头盔。
嫂子:27，1.65米，黑色夹克衫+蓝色牛仔裤+粉色头盔如有见者或提供线索者，定重谢15938978905

寻人[Fight][Fight][Fight]2人（哥哥，嫂子）7.20号下午6.34分步行路过未来路与石化路桥洞附近，晚8点微信回个信息，后在往魏庄西街紫辰路正商华钻回家的路上失联，至今未归! ",07月23日 17:38,河南暴雨互助超话,https://weibo.com/7652345317?refer_flag=1001030103_,真
147,3479905212,姜二饼_,#宁波升级台风预警信号至橙色##台风烟花将给宁波带来暴雨到特大暴雨#第一次近距离接触台风，昨晚去超市囤了一些吃，现在看来可能有点少今晚看到地下车库的车都停到地面上，教科书式的防汛停车。浙江加油💪愿平安 2宁波·杭州湾新区,07月24日 22:59,iPhone客户端,https://weibo.com/3479905212?refer_flag=1001030103_,假
148,7569718023,uuuuuuO_o,#河南暴雨互助#在郑州，可以去周边市镇村做志愿者，有没有可以联系的群！！！,07月24日 22:59,Android,https://weibo.com/7569718023?refer_flag=1001030103_,假
149,6605420690,人民中的英雄,"#暴雨##河南我们一起扛#

谢谢有你，以爱为报！#长葛大姐烙800张饼送前线，做梦都想让消防员吃！ L人民中的英雄的微博视频",07月24日 22:59,微博视频号,https://weibo.com/6605420690?refer_flag=1001030103_,假
153,5165814474,城关区检察院,【#郑州地铁救人医生回应免试直接录用#以后不好好当医生 都对不起全国人民】7月20日，郑州地铁五号线因暴雨多人被困。危急关头，郑州人民医院试工医生于逸飞从地面折回负二层救人6小时，院方知道情况后直接录用于逸飞。于逸飞称，父亲是一名军医，知道自己在地铁里后，大雨中到处搜寻，见面后含泪比赞。对于免试直接录用，于逸飞称，现在全国人民都知道自己救人的事情了，以后不好好当医生，都对不起全国人民，也请全国人民监督。L沸点正能量的微博视频 ,07月24日 22:58,微博视频号,https://weibo.com/5165814474?refer_flag=1001030103_,真
155,5035809982,多情浪妈,//@范冰冰:#辉县暴雨##新乡暴雨求助# 秀才庄一万人村民请求救援！！！全村上下抵抗了三天还是没挡住洪水的到来！洪水已经进村了！！！现已经联系不上了！！！ 急扩,07月22日 10:43,nova5Pro人像超级夜景,https://weibo.com/5035809982?refer_flag=1001030103_,假
156,1657938285,司爱武,“脑子进水”比“千年一遇”的暴雨更可悲！,07月24日 22:58,HUAWEI P30 Pro,https://weibo.com/1657938285?refer_flag=1001030103_,假
157,7554377651,·破晓尼古拉斯壶·,"#杭州萧山暴雨来袭#
注意安全啊 要平平安安的",07月24日 22:58,vivo X23全息幻彩,https://weibo.com/7554377651?refer_flag=1001030103_,假
158,5971405352,想改昵称却不知道改成什么,开始下暴雨了，不知道明早起来会咋样,07月24日 22:58,荣耀30 Pro+ 5G,https://weibo.com/5971405352?refer_flag=1001030103_,假
159,5851957786,多搭画不完,"家
家是黑夜里风起云涌的码头港湾
家是一个男人对一个女人的承诺
家是扛起狂风暴雨，电闪雷鸣的小巢
家是我们无助时的温馨小窝
家是永远也不会让人失望的夜晚鼾声
在努力制造温馨，也没有回家来的更加贴切！
河南加油，中国加油。",07月24日 22:58,HUAWEI P20,https://weibo.com/5851957786?refer_flag=1001030103_,假
161,5305683364,田田的小玐,#河南暴雨互助# //@爱的清清白白:#河南暴雨救援# //@鹤南鹰眼://@大大娇娇屁:⚠️//@Aurora·For·You:#河南暴雨互助# ‼️ 需要挖掘机，沙袋，沙子和人员救助‼️,07月24日 22:24,vivo Z3性能实力派,https://weibo.com/5305683364?refer_flag=1001030103_,假
166,2463294643,Honey_cly,"#河南暴雨#

谢谢心系“胡辣汤”，永远都不会忘记你们的这份恩情。
期待重启的“胡辣汤”，加油河南！！！！⛽️ 2郑州 2郑州",07月24日 22:58,iPhone 12,https://weibo.com/2463294643?refer_flag=1001030103_,真
167,5948971887,圆溜,#绍兴暴雨# 柯桥轻纺城这么多商户还有布料辅料工厂一定要挺住啊🙏,07月24日 22:58,,https://weibo.com/5948971887?refer_flag=1001030103_,假
168,1814619692,小馄饨Everyday,风声好吓人，每次刮风打雷暴雨就害怕，是动物本能对吧，把门窗都检查一遍，塞耳塞🙉🙉🙉,07月24日 22:58,荣耀V10 我AI的快,https://weibo.com/1814619692?refer_flag=1001030103_,假
172,7359432357,重洛之城,//@观霜_://@九钱算六卦://@大地屹立在玉米上://@xxx-link ://@合金妖王刘成文 ://@极乐鸟-曼巴精神 ://@bilinbobo : #河南暴雨互助# //@·希和景怡· :#河南暴雨互助# //@九零五号公路_ :#河南暴雨互助# #河南暴雨救援# //@浓汤大虾 :#河南暴雨互助# 卧槽这真的很恐怖，之前我家门口大水就电死了几个,07月20日 22:43,王一博肖战Android,https://weibo.com/7359432357?refer_flag=1001030103_,假
173,2155134413,因为我是水瓶座zn,#新乡暴雨#,07月24日 22:56,iPhone客户端,https://weibo.com/2155134413?refer_flag=1001030103_,假
174,3025058494,最酷的王老师和最年轻的肖老师,#河南暴雨互助# //@十米九万里:#河南暴雨互助# //@萝卜烧鹅:【龙子湖陈三桥社区】【老人小孩失联】#河南暴雨互助# #河南暴雨救援#,07月21日 20:34,OPPO Find X3,https://weibo.com/3025058494?refer_flag=1001030103_,假
175,7017675684,demorcracy,"河南卫辉‼️‼️【失联】
从北环寺庄顶往东方向的村庄村民，所有正在救援的团队！麻烦观看四周有没有发现一位50多岁男性，在2021.7.24日上午9:10左右，救援艇经过新寺路共产主义渠桥段时，皮艇破裂掉入水中被冲走，至此仍无消息！家人迫切希望得到有关信息！联系我们：徐红兵139 3736 6546 / 徐明利 135 2503 7371
7.24号晚9：28【已电话核实】 ",07月24日 21:33,iPhone,https://weibo.com/7017675684?refer_flag=1001030103_,真
176,7322267313,江添盛望小奶盖,【绍兴多地暴雨，#特警跳入水中手拉手组成人墙救人#】7月24日，受台风“烟花”影响，绍兴多地普降暴雨。为应对强降雨带来的险情，绍兴公安民警奋战在抗台一线，帮助转移群众，抢救财产。诸暨应店街镇灵山坞村积水，巡特警大队救援人员跳入急流中，手拉手组成人墙，成功将两名被困于三楼的群众安全救出。#浙江严阵以待防御烟花##浙战烟花# L浙江日报的微博视频 ,07月24日 22:58,nova7SE 5G你在焦点在,https://weibo.com/7322267313?refer_flag=1001030103_,真
177,7250034528,三小只太闹腾,狂风暴雨也在你身旁，我们在一起就是晴天。,07月24日 19:42,时代少年团超话,https://weibo.com/7250034528?refer_flag=1001030103_,假
181,6395009165,老肖·老王,//@宝塔山24小时祈福便利店:#河南暴雨互助# #河南暴雨救援# 救救邹德强和沙涛！！好多天了！,07月24日 19:46,vivo X23全息幻彩,https://weibo.com/6395009165?refer_flag=1001030103_,假
184,6662680904,1990-4-25,//@郑乃馨NENE全球后援会:郑乃馨 大家注意安全！要平平安安//@硬糖少女303-郑乃馨:【紧急扩散】#河南暴雨互助# 扩散！大家可以在这里填写求助信息！大家保护好自己，一定一定要平平安安！！,07月20日 21:19,微博 weibo.com,https://weibo.com/6662680904?refer_flag=1001030103_,假
185,6591447622,易融气象,受低空切变影响，我区出现短时强降水，部分乡镇出现45毫米以上降水，预计未来降水仍将持续，宁江区城区、毛都乡、伯都乡可能达到暴雨量级。宁江区应急管理局、宁江区交通安全委员会办公室、宁江区气象台联合提醒注意做好防汛抗洪工作。 O网页链接,07月24日 22:58,易融气象,https://weibo.com/6591447622?refer_flag=1001030103_,假
187,6648471210,千里星亼,扩扩扩 寻人❗️❗️❗️#河南挺住# #河南暴雨互助# #分享河南暴雨中可爱的平凡人# @2000年7月17日 @豹豹还在追星 @光合作用仙女,07月24日 22:30,iPad Pro,https://weibo.com/6648471210?refer_flag=1001030103_,假
189,6271138061,涂改液oo,河南暴雨互助急需被子物资！,07月24日 18:34,HUAWEI nova 3,https://weibo.com/6271138061?refer_flag=1001030103_,假
191,2139893427,绍兴越城公安,【彻夜未归！搜寻4小时，找到了！】一个女孩回家路上突然遇到暴雨，因害怕台风就在一废弃房里躲了起来，彻夜未归，这可急坏了家人。,07月24日 16:21,新版微博 weibo.com,https://weibo.com/2139893427?refer_flag=1001030103_,假
192,7083775467,张月亮喜欢大白馕,"坐标浙江宁波，即将面临台风30小时，有专家预测可能会和河南差不多，还未登陆这里已经狂风暴雨一下午加一晚上了
不要忘了我很爱很爱很爱很爱很爱很爱很爱熙华
我一直在等他们",07月24日 22:58,尚九熙何九华超话,https://weibo.com/7083775467?refer_flag=1001030103_,假
195,6036808983,是的201610,"#杭州萧山暴雨来袭#
余杭现在情况还好",07月24日 22:58,续航传奇 Redmi 8A,https://weibo.com/6036808983?refer_flag=1001030103_,假
196,7652345317,preference王俊凯,急需物资‼️编织袋❗救生衣❗橡皮艇❗手灯❗#河南暴雨互助#,07月24日 22:55,河南暴雨互助超话,https://weibo.com/7652345317?refer_flag=1001030103_,假
197,2652542390,贺兰就业,暴雨中，这些画面看哭了…… O暴雨中，这些画面看哭了……,07月24日 22:58,vivo浏览器,https://weibo.com/2652542390?refer_flag=1001030103_,假
199,6108302615,LilPrimo,//@ClaireECottrill ://@加州小三娜娜子 :一定一定小心霉菌，被污水泡过的木头家具、地板、墙面等很容易滋生黑霉菌，空气中的孢子可能造成呼吸道问题和别的严重过敏反应//@光明处是你我归处 :星星翻译整理的返回淹没/被水浸房屋注意事项第二部分，麻烦大家帮忙扩扩呀#河南暴雨互助#,07月24日 22:45,微博国际版,https://weibo.com/6108302615?refer_flag=1001030103_,假
201,2802536735,屋顶漫游记·,隔离没隔离完又要迎接大暴雨了 我怕我家门都没怎么出过就回校了。。好烦呐好烦呐 每天唯一消遣是网上购物 拼多多我的快乐老家,07月24日 22:58,💫闪耀星iPhone 11,https://weibo.com/2802536735?refer_flag=1001030103_,假
202,7415816954,ANd_Sunkino,不要下暴雨 我有几百个快递还没发🙏,07月24日 22:58,vivo智能手机,https://weibo.com/7415816954?refer_flag=1001030103_,假
205,2313867297,科技氢,#分享河南暴雨中可爱的平凡人#新乡市辉县占城镇利用直升机空投物资！ L科技氢的微博视频,07月24日 22:58,微博视频号,https://weibo.com/2313867297?refer_flag=1001030103_,假
206,7441780382,Mocking46988,#河南加油河南挺住##抗洪英雄大赏##华为1100余名工程师驰援河南##分享河南暴雨中可爱的平凡人# 为河南加油，为华为点赞，为1000多位工程师们加油，你们辛苦了，注意安全。 LMocking46988的微博视频,07月24日 22:58,微博视频号,https://weibo.com/7441780382?refer_flag=1001030103_,假
211,6626604600,-松奈丞川-,#河南暴雨互助# //@河南暴雨互助:处理后台私信，请附近志愿者接力核实！,07月24日 22:30,iPhone XS Max,https://weibo.com/6626604600?refer_flag=1001030103_,假
214,6615119564,滑雪比枪落叶飘,//@卍不二:#河南暴雨互助# 找人！,07月24日 20:21,cool guyAndroid,https://weibo.com/6615119564?refer_flag=1001030103_,假
215,6256908930,七巷的窗子,"#运动打卡# Day68 北有暴雨 南有台风
running 5km
walking 5km stretching
独在异乡为异客
找到事做亦不错",07月24日 22:58,OPPO A5,https://weibo.com/6256908930?refer_flag=1001030103_,假
216,2761329620,河南包拯,【#河南暴雨主凶是台风烟花# 】河南为啥三天下了一整年雨？“主凶”就是台风烟花！这个远在千里的台风是如何远程控制这场暴雨的？超强台风的破坏力有多高？为什么这次影响最大的是内陆城市？#台风作恶将被除名# 现下，#凶手烟花正从幕后走向台前#，预计于25日下午到26日凌晨登陆浙江，或成史上7月登陆浙江最强台风！江浙沪请做好防御！（小央视频） L小央视频的微博视频 ,07月24日 22:58,微博视频号,https://weibo.com/2761329620?refer_flag=1001030103_,假
217,5522487529,舒克叔叔i,#分享河南暴雨中可爱的平凡人# 尽微薄之力，河南加油，巩义加油,07月24日 22:58,iPhone客户端,https://weibo.com/5522487529?refer_flag=1001030103_,真
218,5899403290,安梓煜-,"实习第二十天
上海要下大暴雨了
今天一天都待在办公室里
没有感觉到有多可怕
下班才领略到
打着伞
被风推着走的
明天休班
已经备好口粮
躲避暴风雨🌧️ 2上海",07月24日 22:58,iPhone客户端,https://weibo.com/5899403290?refer_flag=1001030103_,假
221,7313195405,Jeanjean-chen,【转扩！#新乡接受捐赠救援电话#】据河南省新乡市防汛抗旱指挥部，从7月17日8时到23日7时，新乡市平均降雨量830毫米，截至23日15时，受灾人口128.8万余人。23日，新乡市防汛抗旱指挥部发布第4号公告，正积极组织各类物资供应，接受各界捐赠救援，相关电话↓↓#新乡暴雨已致128万余人受灾#O新乡市防汛抗旱指挥部第 4 号公告 ,07月24日 08:38,微博 weibo.com,https://weibo.com/7313195405?refer_flag=1001030103_,真
222,6442776095,dghhfvnh南,"郑州
【帮扩】
#河南暴雨救援#🐾#河南暴雨互助#
河南省郑州市中牟县河南师范大学新联学院（中原科技学院），数千名学生以及工作人员被控，水深一米八左右，停水停电，学校内目前只有一家超市，物资紧缺。目前被困已经超过30小时，辛苦请关注一下，尽快帮助他们脱困，感谢！！！

联系电话：魏老师18703633368

河南师范大学新联学院‼️‼️‼️有学生被困在学校里暂时没有救援❗️
停水停电且水位在持续上涨‼️恳请政府和救援人员尽快帮助他们‼️‼️‼️‼️ ",07月21日 19:45,郑州超话,https://weibo.com/6442776095?refer_flag=1001030103_,真
225,2760909071,奈斯莱蒙,#河南暴雨互助# 地铁5号线负责人❗️❗️❗️,07月24日 19:46,iPhone客户端,https://weibo.com/2760909071?refer_flag=1001030103_,假
226,7571346388,云上河南,感谢有你，滑县加油！#河南暴雨互助# @滑县融媒体中心 L云上河南的微博视频,07月24日 22:58,微博视频号,https://weibo.com/7571346388?refer_flag=1001030103_,假
228,2942960113,夏的倒影,#河南暴雨互助#撤离！！！新乡北环、107双向决堤，大水直冲新浦路、定国湖、定国村、新中大道方向，这时候不要往东来了各位！！！在这条上路的车。快点撤离。水位马上就上来了！求转发[合十][合十][合十] 2南阳 L夏的倒影的微博视频,07月24日 22:58,微博视频号,https://weibo.com/2942960113?refer_flag=1001030103_,假
229,7374775880,宋富贵超努力,"#台风##台风烟花将对浙江有严重影响# 是浙江金华人。台风在来但金华目前没有受到什么大影响就是下雨然后停又重复，但我们浙江有很多地方已经受到了影响
浙江是沿海地区，年年基本上都有台风。
说句实话，浙江人的确是习惯了，有了一定的防御能力，某些方面一定会比较成熟，
下暴雨啥的，水也涨了

但也不要说什么不用管浙江。好多热搜啥的都降下去了，说是浙江人会自救（？），我们的力量还没有足以能和大自然对抗！
“烟花”是这次台风的名字，是大的台风了，好像比往年都强一点，后面还紧跟着，多地的山洪山体滑坡，这不是所谓台风预兆而已这是台风带来的灾难呐。

浙江人也是中国母亲的孩子！也是需要支援的。

希望遭遇山体滑坡的萧山地区安好
中国加油🇨🇳 ！河南加油！浙江加油！

看到👇🏻 这个有感而发，其实内容差不多，都表达一个意思 ",07月24日 22:58,vivo Z5x性能实力派,https://weibo.com/7374775880?refer_flag=1001030103_,假
232,1132313514,酸酸甜甜小冰棍,历经四天四夜的断水断电断网终于结束了，生活饮食起居有太多太多的不便，这几天的每分每秒都异常难熬，四天四夜却赶脚过了一个月，很庆幸有最亲的人：父母、老婆、宝宝的陪伴，让我每天在痛苦挣扎甚至崩溃中找到希望和力量。一场暴雨给家庭造成惨重的损失和不便，但是有你们，让我永远期待明天的美好…… 2郑州 ,07月24日 22:58,Android,https://weibo.com/1132313514?refer_flag=1001030103_,假
233,3454741042,皮蛋和她的铲屎官,"#新乡暴雨# 今天穿着父亲98年抗洪时的救生衣到达新乡牧野区灾区一线，下午一共救出8位老人，帮助转移撤离灾区，不会游泳不会水真的是硬伤，不然还可以救出更多的群众！新乡的水太严重了我已经无法用言语形容
感谢这群素不相识的人一起为新乡努力，救援！感谢源源不断的救援队伍驰援郑州和新乡！
#退伍军人# ",07月24日 22:58,华为nova 8 Pro,https://weibo.com/3454741042?refer_flag=1001030103_,真
234,6092318448,嘴角上扬的swl,7.24//@宋威龙99:一定要平平安安🙏#河南暴雨救援#,07月20日 19:24,微博 weibo.com,https://weibo.com/6092318448?refer_flag=1001030103_,假
235,1729631344,seisei2003,//@荒野黎明·:#河南暴雨救援# ！还没找到#河南暴雨互助#,07月21日 18:02,Redmi K30 Pro 变焦版,https://weibo.com/1729631344?refer_flag=1001030103_,假
237,2694066812,最爱冰美式可爱多也超喜欢,🙏🙏🙏//@Santa_赞多官方后援会:Santa赞多🙏#河南暴雨互助# ‼️ 填好相关信息！保护好自己！希望早日回家！愿所有人平安！ @INTO1-赞多,07月21日 01:29,vivo S9 极夜柔光自拍,https://weibo.com/2694066812?refer_flag=1001030103_,假
239,6411834903,ilAntonia,#河南暴雨救援# //@千寻和菠萝油:不要再踢皮球了，救人❗️,07月24日 19:32,iPhone客户端,https://weibo.com/6411834903?refer_flag=1001030103_,假
240,3926649415,junjun紫月,"#河南暴雨# 暴雨洪灾带来的不仅是危险，还会破坏自来水管网系统、下水道系统、污水处理厂、垃圾填埋场、堆肥场等等，导致细菌、病毒、寄生虫等随着洪水的蔓延而扩散，给大家的健康带来不少隐患。
雨灾过后防疫情！
这些身体养护小常识，一定要收藏！！",07月24日 22:58,nova7Pro你在焦点在,https://weibo.com/3926649415?refer_flag=1001030103_,假
242,3231305840,依然潇萧,"#张哲瀚美宝莲纽约品牌代言人# zzh#美宝莲小红线#
原本以为会是一场暴雨来临，结果艳阳高照溜达着吃了一顿清清淡淡的晚饭，虽然有点手忙脚乱，不过还是顺利抢到了礼盒a
就是要狠狠地爱老婆恭喜张哲瀚成为美宝莲纽约品牌代言人@张哲瀚疯子",07月24日 22:58,张哲瀚超话,https://weibo.com/3231305840?refer_flag=1001030103_,假
249,7465923463,咱可能不配,//@养身进行时:#新乡暴雨求助#,07月24日 22:16,华为畅享10 Plus,https://weibo.com/7465923463?refer_flag=1001030103_,假
251,3139679684,橙橙的慕橙,//@旺仔949:#河南暴雨互助# 找人//@宝塔山24小时祈福便利店:#河南暴雨互助# #河南暴雨救援# 救救邹德强和沙涛！！好多天了！,07月24日 19:46,nova4自拍极点全面屏,https://weibo.com/3139679684?refer_flag=1001030103_,假
252,6387156597,胖兔_LL,"#南京疫情# 江宁区第二轮核酸晚上九点开始……小区里马路上几里路都看不到头的队伍……赶在明天暴雨前做好全员第二轮！南京加油！
老头老奶们先，大爷大妈们跟后，做好回家睡觉，我们年轻人能熬，深夜再做………… 2南京 L腿哥LL的微博视频",07月24日 22:58,iPhone客户端,https://weibo.com/6387156597?refer_flag=1001030103_,假
253,6416852296,用户6416852296,"#河南暴雨互助#⚠️ 大家好，我是线上志愿者，负责收集求救信息以及物资供应信息‼️大家可以向我投稿‼️

投稿格式：
地址：
姓名：
联系电话：
求救人数：
目前情况：

我们会有志愿者审核并联系求助人
并尽力帮你们寻找物资并进行物资对接或者救援队 ❗️❗️ 有需要帮助的可以艾特我或者私信我❗️❗️

（私信太多可能回复不过来，会尽快帮忙！） ",07月24日 22:58,nova7你在焦点在,https://weibo.com/6416852296?refer_flag=1001030103_,真
254,7643230893,Mascot_009,Nine120//@国服哨子精:#河南暴雨互助# 愿大家都平安🙏🙏,07月21日 01:46,iPhone,https://weibo.com/7643230893?refer_flag=1001030103_,假
255,5100009622,陇南宕昌赵文明,《百度极速版》有事搜一搜，没事看一看O暴雨中，这些画面看哭了…… 《暴雨中，这些画面看哭了……》有事搜一搜，没事看一看O暴雨中，这些画面看哭了……,07月24日 22:58,百度极速版,https://weibo.com/5100009622?refer_flag=1001030103_,假
256,5165185726,宇宙废物格-纯黑的白衬衣,#浙江预排预泄116个西湖水量# 台风“烟花”步步逼近浙江沿海，最大可能于 25日下午至25日夜间在浙江中北部一带沿海登陆。大风暴雨已在很多县市横行肆虐。相比早上，浙江山洪红色预警范围扩大，浙江28个县（市、区）山洪灾害可能性很大。截至24日16时，浙江沿海各平原累计预排水量7.0亿方，全省大中型水库预泄水量9.23亿方，水利工程累计预排预泄16.23亿方，大约相当于116个西湖水量。#杭州台风# #浙战烟花# #台风# O网页链接 ,07月24日 18:02,微博 weibo.com,https://weibo.com/5165185726?refer_flag=1001030103_,假
262,7386662805,今泰哼,#浙江暴雨互助#//@Jayrw:#绍兴暴雨# #浙江暴雨互助# 我浙江日常自救,07月24日 16:19,iPhone客户端,https://weibo.com/7386662805?refer_flag=1001030103_,假
265,5125170483,名校小贴士,"#孙一文夺得第三金#恭喜🥳🥳🥳
当国歌响起时，触景生情
脑海中响起艾青写的《我爱这土地》
“为什么我的眼里常含泪水”
“因为我对这土地爱大深沉”
在歌声中想起疫情、河南暴雨、台风“烟花”中的逆行者，心中不禁感慨，身在华夏真的很幸福
中国yyds",07月24日 22:58,nova7你在焦点在,https://weibo.com/5125170483?refer_flag=1001030103_,假
271,7048045769,柚子茶19980707,"#刘宇0824生日快乐# 🎉#爱豆能量月#

人生难免要受些委屈和伤害，与其耿耿于怀郁郁寡欢，倒不如坦坦荡荡泰然处之。只有经受住狂风暴雨的洗礼，才能练就波澜不惊的淡定。

爱刘宇@INTO1-刘宇

🎊🎊",07月24日 22:58,刘宇粉丝超话,https://weibo.com/7048045769?refer_flag=1001030103_,假
273,6507203142,爱啵啵的小怡___15,//@TF反黑净化组:#河南暴雨互助# 【求助贴】‼️河南省周口市❗️扶沟县曹里乡邹家村 ❗️被淹❗️,07月24日 19:02,Android客户端,https://weibo.com/6507203142?refer_flag=1001030103_,假
275,7287750933,一咪阳光575,//@nili火火:#河南暴雨互助# #河南暴雨救援# 新乡敬老院急缺各种物资！求援！,07月24日 12:11,vivo X23 AI非凡摄影,https://weibo.com/7287750933?refer_flag=1001030103_,假
276,2942884515,养一個月亮ll,//@鹤南鹰眼://@大大娇娇屁:⚠️//@Aurora·For·You:#河南暴雨互助# ‼️ 需要挖掘机，沙袋，沙子和人员救助‼️,07月24日 22:24,Android,https://weibo.com/2942884515?refer_flag=1001030103_,假
277,1785270285,松卷菜菜子,#河南暴雨互助超话#,07月24日 19:46,iPhone客户端,https://weibo.com/1785270285?refer_flag=1001030103_,假
279,6219973236,KimHooInm,今天中午就这样了一直压………#萧山暴雨# 🙏,07月24日 13:41,iPhone 11,https://weibo.com/6219973236?refer_flag=1001030103_,假
284,5443843544,不好好念书会肚子痛,转转 #郑州暴雨# 是丈夫 是爸爸 也是儿子,07月24日 19:46,iPhone客户端,https://weibo.com/5443843544?refer_flag=1001030103_,假
285,5664751278,霹雳静静11,扩#河南暴雨救援#,07月24日 22:30,iPad Pro,https://weibo.com/5664751278?refer_flag=1001030103_,假
288,7277231203,阿弥玖,//@55bokii:#河南暴雨互助# 寻人寻人‼️//@我长不高了长不高了:寻人！//@鹤南辣个老肖:寻人//@95·博君一肖:寻人❗️❗️❗️#河南暴雨互助#,07月24日 09:53,HUAWEI P30,https://weibo.com/7277231203?refer_flag=1001030103_,假
290,5409541018,数学放过我好吗,#河南暴雨互助# 在干什么啊,07月24日 19:46,微博国际版,https://weibo.com/5409541018?refer_flag=1001030103_,假
293,5772612858,送我一朵小红花8888,"风雨过后会有彩虹🌈
鲜花依旧盛放，未来依旧可期
#鹤壁浚县急需物资##鹤壁暴雨互助#",07月24日 22:57,HUAWEI P20,https://weibo.com/5772612858?refer_flag=1001030103_,假
295,1656737654,现代快报,【直击丨#河南新乡部分受灾村民已被临时安置# 救援物资正源源不断运来】近日，河南新乡市继郑州之后，遭遇特大暴雨袭击，不少村庄被淹，村民家庭受损严重，灾后救援安置成了大家关注的焦点。7月24日，记者实探了新乡市的多处临时安置点。每个临时安置点都堆放了很多救援物资，各种生活用品一应俱全。为了方便分发派送，学校老师及周边小区志愿者，还专门将这些物品分门别类，整齐摆放，并有专门负责人现场看管登记。O直击 | 河南新乡部分受灾村民已被临时安置，救援物资正源源不断运来 L现代快报的微博视频 ,07月24日 22:58,微博视频号,https://weibo.com/1656737654?refer_flag=1001030103_,真
